Feature ID,Kingdom,Phylum,Class,Order,Family,Genus,Species,Confidence
NR_025423.1,Bacteria,Proteobacteria,Gammaproteobacteria,Enterobacterales,Pasteurellaceae,Haemophilus,pittmaniae,0.9999998545623432
NR_171541.1,Bacteria,Actinobacteriota,Actinomycetia,Actinomycetales,Bifidobacteriaceae,Bifidobacterium,leopoldii,0.9840779892004932
NZ_ABES01000007.1,Bacteria,,,,,,,0.9999568829058725
NZ_ADEF01000068.1,Bacteria,,,,,,,0.7683021916757049
NZ_AFIJ01000031.1,Bacteria,,,,,,,0.916423567820675
NZ_AMZK01000007.1,Bacteria,Firmicutes,Bacilli,Lactobacillales,Aerococcaceae,Aerococcus,christensenii,0.9999999999918144
NZ_CABTXI010000220.1,Bacteria,,,,,,,0.8744144063682238
NZ_CAXUJS010000060.1,Bacteria,Firmicutes,Clostridia,Lachnospirales,Defluviitaleaceae,Defluviitalea,phaphyphila,0.9003977145693284
NZ_FNWT01000022.1,Bacteria,,,,,,,0.841156135578655
NZ_GG666064.1,Bacteria,Firmicutes,Clostridia,Lachnospirales,Defluviitaleaceae,Defluviitalea,phaphyphila,0.7984128006117449
NZ_GG666315.1,Bacteria,Firmicutes,Clostridia,Lachnospirales,Defluviitaleaceae,Defluviitalea,phaphyphila,0.8724698252631986
NZ_GL878522.1,Bacteria,Firmicutes,Clostridia,Lachnospirales,Defluviitaleaceae,Defluviitalea,phaphyphila,0.9588706152904952
NZ_JADCKH010000039.1,Bacteria,,,,,,,0.9492807425891728
NZ_JAERMS010000083.1,Bacteria,,,,,,,0.840418553628222
NZ_JAJCRT010000018.1,Bacteria,,,,,,,0.895763799027169
NZ_JAJDKT010000074.1,Bacteria,Firmicutes,Clostridia,Lachnospirales,Defluviitaleaceae,Defluviitalea,phaphyphila,0.9786271756321075
NZ_JANDZW010000012.1,Bacteria,Firmicutes,Clostridia,Tissierellales,Peptoniphilaceae,Parvimonas,micra,0.9999995782984322
NZ_JASOME010000020.1,Unassigned,,,,,,,0.7960912446000025
NZ_JASOSB010000012.1,Bacteria,Firmicutes,Clostridia,Tissierellales,Peptoniphilaceae,Peptoniphilus,,0.9999999999999863
NZ_JASSPP010000023.1,Bacteria,Firmicutes,Clostridia,Lachnospirales,Defluviitaleaceae,Defluviitalea,phaphyphila,0.922889891420284
NZ_JAVTXF010000046.1,Bacteria,,,,,,,0.9936500568653686
NZ_JAWWXF010000042.1,Bacteria,,,,,,,0.8857949659478843
NZ_JAWWYB010000046.1,Unassigned,,,,,,,0.7563518034072608
NZ_JBBNGY010000024.1,Bacteria,Firmicutes,Clostridia,Tissierellales,Peptoniphilaceae,Peptoniphilus,lacrimalis,0.757542167115231
NZ_JBGONE010000038.1,Bacteria,Fusobacteriota,Fusobacteriia,Fusobacteriales,Fusobacteriaceae,Fusobacterium,animalis,0.9805561128850672
NZ_JBHLSP010000031.1,Bacteria,Firmicutes,Clostridia,Lachnospirales,Defluviitaleaceae,Defluviitalea,phaphyphila,0.8573491726868241
NZ_JBIWIT010000029.1,Bacteria,,,,,,,0.8955774669100893
NZ_JRNR01000257.1,Bacteria,,,,,,,0.8937181842620119
NZ_JRNT01000025.1,Bacteria,Firmicutes,Clostridia,Lachnospirales,Defluviitaleaceae,Defluviitalea,phaphyphila,0.7189592431942043
NZ_JRNU01000149.1,Bacteria,,,,,,,0.871199586656945
NZ_KE952952.1,Unassigned,,,,,,,0.751670690065204
NZ_KI518418.1,Bacteria,,,,,,,0.9999920058060692
NZ_KQ955743.1,Bacteria,,,,,,,0.8216685687365234
NZ_KQ961074.1,Bacteria,,,,,,,0.9358984477369356
NZ_KQ971204.1,Bacteria,,,,,,,0.9432484897606208
NZ_KV803777.1,Bacteria,Firmicutes,Clostridia,Tissierellales,Peptoniphilaceae,Anaerococcus,vaginalis,0.9996569272486472
NZ_NFMF01000018.1,Unassigned,,,,,,,0.701809446246722
NZ_PNGO01000009.1,Bacteria,Firmicutes,Bacilli,Lactobacillales,Lactobacillaceae,Lactobacillus,iners,0.9999999362328272
NZ_QJVB01000008.1,Bacteria,,,,,,,0.9435691797777186
NZ_QPGS01000077.1,Unassigned,,,,,,,0.7539013496981317
NZ_QSQE01000022.1,Unassigned,,,,,,,0.7765824779809781
NZ_VYVJ01000030.1,Bacteria,,,,,,,0.9405711770213546
NZ_WBMB01000033.1,Bacteria,Proteobacteria,Gammaproteobacteria,Enterobacterales,Pasteurellaceae,Haemophilus,parainfluenzae,0.9406115571717506
NZ_WUBT01000032.1,Bacteria,,,,,,,0.985501678118385
