Feature ID,Kingdom,Phylum,Class,Order,Family,Genus,Genus1,Species,Confidence
NR_025423.1,Bacteria,Proteobacteria,Gammaproteobacteria,Enterobacterales,Pasteurellaceae,,,,0.9999999122674792
NR_171541.1,Bacteria,Actinobacteriota,Actinomycetia,Actinomycetales,Bifidobacteriaceae,Bifidobacterium,,,0.9999810919144234
NZ_ABES01000007.1,Bacteria,,,,,,,,0.7094163224758279
NZ_ADEF01000068.1,Bacteria,,,,,,,,0.75948904191574
NZ_AFIJ01000031.1,Bacteria,,,,,,,,0.7555131597081377
NZ_AMZK01000007.1,Bacteria,Proteobacteria,Gammaproteobacteria,Thiotrichales,Thiotrichaceae,Thiofilum,,,0.9589893786964426
NZ_CABTXI010000220.1,Unassigned,,,,,,,,0.378290126970919
NZ_CAXUJS010000060.1,Bacteria,,,,,,,,0.8132722568785238
NZ_FNWT01000022.1,Unassigned,,,,,,,,0.6549620379759644
NZ_GG666064.1,Bacteria,Patescibacteria,,,,,,,0.8206763573391109
NZ_GG666315.1,Bacteria,,,,,,,,0.7514372924644789
NZ_GL878522.1,Unassigned,,,,,,,,0.612618357483987
NZ_JAERMS010000083.1,Bacteria,,,,,,,,0.8112814188618566
NZ_JAJCRT010000018.1,Unassigned,,,,,,,,0.5276026886741125
NZ_JAJDKT010000074.1,Bacteria,Patescibacteria,Paceibacteria,UBA9983,UBA2163,UBA2163,UBA2163,sp002778715,0.9605171317496852
NZ_JANDZW010000012.1,Bacteria,Proteobacteria,Gammaproteobacteria,Thiotrichales,Thiotrichaceae,Thiofilum,,,0.9846904174523452
NZ_JASOME010000020.1,Bacteria,,,,,,,,0.7843753404737535
NZ_JASOSB010000012.1,Bacteria,,,,,,,,0.9121286234184255
NZ_JASSPP010000023.1,Unassigned,,,,,,,,0.597783548531556
NZ_JAVTXF010000046.1,Unassigned,,,,,,,,0.704673934161749
NZ_JAWWWY010000070.1,Bacteria,Patescibacteria,,,,,,,0.7211453619403659
NZ_JAWWXF010000042.1,Bacteria,,,,,,,,0.7719425181748311
NZ_JAWWYB010000046.1,Unassigned,,,,,,,,0.3130955061387888
NZ_JBBNGY010000024.1,Bacteria,Firmicutes,Clostridia,Tissierellales,Peptoniphilaceae,Peptoniphilus,,,0.9999990023062948
NZ_JBGONE010000038.1,Bacteria,Fusobacteriota,Fusobacteriia,Fusobacteriales,Fusobacteriaceae,Fusobacterium,,,0.9999999898916203
NZ_JBHLSP010000031.1,Unassigned,,,,,,,,0.5603887574136699
NZ_JBIWIT010000029.1,Bacteria,,,,,,,,0.8296832266485098
NZ_JRNR01000257.1,Unassigned,,,,,,,,0.5371947423167078
NZ_JRNT01000025.1,Unassigned,,,,,,,,0.368567268576635
NZ_JRNU01000149.1,Bacteria,Patescibacteria,,,,,,,0.703871689538686
NZ_KE952952.1,Bacteria,,,,,,,,0.7485203163209169
NZ_KI518418.1,Bacteria,Patescibacteria,,,,,,,0.7752880643265811
NZ_KQ955743.1,Bacteria,,,,,,,,0.7280342469425435
NZ_KQ961074.1,Bacteria,,,,,,,,0.774117000480149
NZ_KQ971204.1,Bacteria,,,,,,,,0.7137620353654932
NZ_KV803777.1,Bacteria,Firmicutes,Clostridia,Tissierellales,Peptoniphilaceae,Anaerococcus,Anaerococcus,senegalensis,0.7795685387489968
NZ_NFMF01000018.1,Bacteria,,,,,,,,0.783865590460626
NZ_NQOJ01000020.1,Bacteria,Proteobacteria,Gammaproteobacteria,Thiotrichales,Thiotrichaceae,Thiofilum,,,0.9963047269401778
NZ_PNGO01000009.1,Bacteria,Proteobacteria,Gammaproteobacteria,Thiotrichales,Thiotrichaceae,Thiofilum,,,0.9922033960558595
NZ_QJVB01000008.1,Unassigned,,,,,,,,0.5781715875685851
NZ_QPGS01000077.1,Unassigned,,,,,,,,0.6187531292655544
NZ_QSQE01000022.1,Unassigned,,,,,,,,0.41274432572270037
NZ_VYVJ01000030.1,Unassigned,,,,,,,,0.30315684963872913
NZ_WBMB01000033.1,Bacteria,Proteobacteria,Gammaproteobacteria,Enterobacterales,Aeromonadaceae,Aeromonas,Aeromonas,veronii,0.9965366955395092
NZ_WUBT01000032.1,Bacteria,,,,,,,,0.7696127349554472
